groups,value
10-AbS-0,13.02922273
10-AbS-0,13.02922273
10-AbS-20,12.80063987
10-AbS-20,12.80063987
10-AbS-20,12.80063987
10-AbS-50,12.80063987
10-AbS-50,12.80063987
10-AbS-50,12.80063987
10-AbS-200,13.25780558
10-AbS-200,13.25780558
10-AbS-200,13.25780558
10-AbS-500,17.82946268
10-AbS-500,17.82946268
10-AbS-500,17.82946268
10-AbS-1000,19.88670837
10-AbS-1000,19.88670837
10-AbS-1000,19.88670837
10-AbS-5000,37.9447539
10-AbS-5000,37.9447539
